               epoch,      train/box_loss,      train/obj_loss,      train/cls_loss,   metrics/precision,      metrics/recall,     metrics/mAP_0.5,metrics/mAP_0.5:0.95,        val/box_loss,        val/obj_loss,        val/cls_loss,               x/lr0,               x/lr1,               x/lr2
                   0,             0.11765,            0.027424,                   0,           0.0093318,            0.014493,            0.002524,          0.00042499,             0.10982,            0.022304,                   0,             0.00025,             0.00025,             0.09775
                   1,             0.10314,            0.027396,                   0,            0.011923,             0.19565,           0.0060223,           0.0010767,            0.096809,            0.022681,                   0,          0.00050999,          0.00050999,             0.09541
                   2,            0.092486,            0.029192,                   0,            0.057311,             0.16667,            0.024191,           0.0044378,            0.088463,            0.023118,                   0,          0.00076992,          0.00076992,             0.09307
                   3,             0.08565,            0.028681,                   0,            0.075075,             0.18841,            0.049246,            0.010798,            0.089028,             0.02161,                   0,           0.0010298,           0.0010298,             0.09073
                   4,            0.079694,            0.030315,                   0,             0.31474,             0.22464,             0.13438,            0.034169,            0.077948,            0.022329,                   0,           0.0012895,           0.0012895,            0.088389
                   5,            0.071154,            0.029441,                   0,             0.49618,             0.23188,              0.2202,            0.075394,            0.074175,            0.021582,                   0,            0.001549,            0.001549,            0.086049
                   6,            0.066593,            0.025979,                   0,             0.37414,             0.39854,             0.34029,             0.15436,            0.065548,            0.020765,                   0,           0.0018084,           0.0018084,            0.083708
                   7,            0.064956,             0.02828,                   0,             0.26407,             0.36957,             0.17906,            0.039018,             0.06522,            0.019718,                   0,           0.0020675,           0.0020675,            0.081367
                   8,            0.061817,            0.025716,                   0,             0.38353,             0.27501,             0.24123,            0.085759,            0.063045,            0.019826,                   0,           0.0023263,           0.0023263,            0.079026
                   9,            0.059363,            0.024903,                   0,             0.55848,              0.4058,             0.44718,             0.18346,            0.056126,            0.018102,                   0,           0.0025848,           0.0025848,            0.076685
                  10,            0.058098,            0.022981,                   0,             0.38765,             0.57971,             0.38939,             0.11259,            0.056898,            0.017678,                   0,            0.002843,            0.002843,            0.074343
                  11,            0.056907,            0.021625,                   0,             0.70319,             0.39855,             0.55957,             0.18387,            0.050971,            0.017706,                   0,           0.0031007,           0.0031007,            0.072001
                  12,            0.053588,            0.021719,                   0,              0.4834,             0.54924,             0.52528,             0.17686,            0.053502,            0.016323,                   0,            0.003358,            0.003358,            0.069658
                  13,            0.052529,            0.022117,                   0,             0.54051,             0.57964,             0.56341,             0.23345,            0.049978,            0.016286,                   0,           0.0036149,           0.0036149,            0.067315
                  14,            0.052017,             0.02115,                   0,             0.49846,             0.52899,             0.49158,             0.17433,             0.05469,            0.016199,                   0,           0.0038712,           0.0038712,            0.064971
                  15,            0.050036,            0.020274,                   0,              0.5832,             0.63043,             0.57657,             0.23103,            0.048642,            0.015922,                   0,            0.004127,            0.004127,            0.062627
                  16,            0.048927,            0.019677,                   0,              0.6603,             0.56522,             0.63353,             0.23376,            0.049002,            0.015868,                   0,           0.0043822,           0.0043822,            0.060282
                  17,             0.04817,            0.019575,                   0,             0.76477,             0.63768,             0.70704,             0.27836,            0.048441,            0.015327,                   0,           0.0046368,           0.0046368,            0.057937
                  18,            0.046555,            0.019577,                   0,             0.57763,             0.65942,             0.59119,             0.19228,            0.052574,             0.01475,                   0,           0.0048907,           0.0048907,            0.055591
                  19,            0.050359,            0.018262,                   0,             0.51089,             0.63043,             0.49671,             0.16453,            0.052828,            0.014434,                   0,           0.0051439,           0.0051439,            0.053244
                  20,             0.04997,            0.019371,                   0,             0.59498,             0.52899,             0.58266,              0.2201,            0.050345,            0.016026,                   0,           0.0053964,           0.0053964,            0.050896
                  21,            0.049636,            0.018187,                   0,             0.62372,             0.60145,             0.60083,             0.22192,            0.049242,            0.015062,                   0,           0.0056481,           0.0056481,            0.048548
                  22,            0.047963,            0.018382,                   0,             0.67044,             0.65217,             0.63337,             0.20559,            0.050443,             0.01465,                   0,            0.005899,            0.005899,            0.046199
                  23,            0.049055,            0.018796,                   0,             0.80672,             0.63515,              0.7347,             0.26528,            0.048862,            0.015168,                   0,           0.0061491,           0.0061491,            0.043849
                  24,            0.046082,            0.017761,                   0,             0.66095,             0.63768,             0.67991,             0.26753,            0.047486,             0.01617,                   0,           0.0063982,           0.0063982,            0.041498
                  25,            0.042638,            0.017689,                   0,             0.75397,             0.66622,             0.71509,             0.28417,            0.046754,            0.014627,                   0,           0.0066465,           0.0066465,            0.039146
                  26,             0.04558,            0.017718,                   0,              0.7317,             0.65216,             0.67489,             0.25012,            0.047149,            0.014788,                   0,           0.0068938,           0.0068938,            0.036794
                  27,            0.043969,            0.017188,                   0,             0.69893,             0.67391,             0.68268,             0.25041,             0.04973,            0.014849,                   0,           0.0071401,           0.0071401,             0.03444
                  28,            0.042317,            0.017183,                   0,             0.81033,             0.68116,             0.73127,             0.31267,             0.04574,             0.01458,                   0,           0.0073854,           0.0073854,            0.032085
                  29,            0.041286,            0.016696,                   0,             0.73012,             0.66667,             0.67966,             0.25694,            0.049467,             0.01488,                   0,           0.0076296,           0.0076296,             0.02973
                  30,            0.043014,            0.015983,                   0,             0.71502,             0.74638,             0.74345,              0.3092,            0.047013,            0.014106,                   0,           0.0078727,           0.0078727,            0.027373
                  31,            0.044282,            0.016892,                   0,             0.72127,             0.60145,             0.60014,             0.23181,            0.046906,            0.018813,                   0,           0.0081147,           0.0081147,            0.025015
                  32,            0.043518,            0.016901,                   0,             0.67789,             0.57952,             0.59857,             0.18471,            0.052257,            0.014579,                   0,           0.0083555,           0.0083555,            0.022655
                  33,            0.046537,            0.016367,                   0,              0.7199,              0.6146,             0.62846,             0.21535,            0.050356,            0.014904,                   0,           0.0085951,           0.0085951,            0.020295
                  34,             0.04256,            0.017077,                   0,             0.81815,             0.65217,             0.69775,             0.29425,            0.047294,            0.014962,                   0,           0.0088335,           0.0088335,            0.017933
                  35,            0.043774,            0.016371,                   0,             0.82197,              0.7026,             0.74865,             0.29267,            0.048641,            0.014282,                   0,           0.0090705,           0.0090705,            0.015571
                  36,            0.041736,            0.016957,                   0,             0.75982,             0.68775,             0.71998,             0.28102,            0.046288,            0.015278,                   0,           0.0093063,           0.0093063,            0.013206
                  37,            0.039669,             0.01745,                   0,             0.78401,             0.73649,             0.75132,             0.28633,            0.046773,            0.014701,                   0,           0.0095408,           0.0095408,            0.010841
                  38,            0.038781,            0.015772,                   0,             0.59596,             0.51449,             0.49645,             0.15892,            0.052984,            0.021691,                   0,           0.0096484,           0.0096484,           0.0096484
                  39,            0.042099,              0.0164,                   0,             0.77723,              0.6087,             0.68047,             0.24446,            0.048377,            0.015815,                   0,           0.0096484,           0.0096484,           0.0096484
                  40,            0.039141,            0.016053,                   0,             0.72934,             0.64437,             0.63555,             0.22491,            0.049926,            0.015558,                   0,           0.0096299,           0.0096299,           0.0096299
                  41,            0.040749,            0.016824,                   0,             0.77291,             0.69565,             0.74727,              0.2808,            0.048349,            0.014072,                   0,            0.009611,            0.009611,            0.009611
                  42,            0.039382,            0.016123,                   0,             0.83307,             0.72464,             0.75024,             0.28803,            0.045179,            0.014829,                   0,           0.0095916,           0.0095916,           0.0095916
                  43,            0.040653,            0.016118,                   0,             0.69564,             0.69561,             0.69066,             0.23933,            0.050051,            0.015331,                   0,           0.0095717,           0.0095717,           0.0095717
                  44,            0.038313,            0.015617,                   0,             0.76283,             0.74581,             0.73434,             0.28935,            0.044364,             0.01495,                   0,           0.0095514,           0.0095514,           0.0095514
                  45,            0.037454,            0.015407,                   0,             0.81573,             0.67366,             0.68456,             0.26877,            0.050009,            0.015252,                   0,           0.0095307,           0.0095307,           0.0095307
                  46,            0.039399,            0.015734,                   0,             0.72352,             0.64493,              0.6661,             0.29632,            0.046535,             0.01565,                   0,           0.0095095,           0.0095095,           0.0095095
                  47,            0.034581,            0.015025,                   0,             0.74041,             0.68841,             0.64425,             0.25153,            0.047259,            0.017572,                   0,           0.0094879,           0.0094879,           0.0094879
                  48,            0.036735,            0.015831,                   0,             0.80025,             0.64493,             0.65925,             0.28683,            0.046731,             0.01722,                   0,           0.0094659,           0.0094659,           0.0094659
                  49,            0.037511,            0.014389,                   0,             0.82564,             0.65217,             0.66757,             0.27963,            0.044092,            0.016931,                   0,           0.0094434,           0.0094434,           0.0094434
                  50,            0.033827,            0.015343,                   0,              0.7998,             0.72464,             0.73868,             0.30638,            0.044194,            0.014867,                   0,           0.0094205,           0.0094205,           0.0094205
                  51,            0.035778,            0.014847,                   0,             0.75529,             0.76087,             0.76274,             0.29869,            0.046434,            0.014343,                   0,           0.0093971,           0.0093971,           0.0093971
                  52,            0.037046,            0.014815,                   0,             0.64858,             0.71014,             0.64776,             0.27256,             0.04634,            0.017763,                   0,           0.0093733,           0.0093733,           0.0093733
                  53,            0.034578,            0.014533,                   0,             0.82257,             0.73907,             0.76065,             0.31804,            0.044815,            0.015601,                   0,           0.0093491,           0.0093491,           0.0093491
                  54,            0.032189,            0.014469,                   0,             0.87999,              0.7029,             0.77452,             0.30698,            0.045382,            0.015851,                   0,           0.0093245,           0.0093245,           0.0093245
                  55,            0.034462,            0.014141,                   0,             0.88178,             0.70263,             0.78393,             0.30586,            0.046056,            0.015728,                   0,           0.0092995,           0.0092995,           0.0092995
                  56,             0.03264,            0.014535,                   0,              0.7999,             0.72464,              0.7447,             0.27912,            0.047471,            0.016245,                   0,            0.009274,            0.009274,            0.009274
                  57,            0.032267,            0.013712,                   0,             0.80766,             0.76072,             0.78917,             0.31747,            0.045444,            0.015501,                   0,           0.0092481,           0.0092481,           0.0092481
                  58,            0.032052,              0.0139,                   0,             0.82564,             0.65217,             0.71617,             0.29473,            0.045192,            0.016415,                   0,           0.0092219,           0.0092219,           0.0092219
                  59,             0.03428,            0.014057,                   0,             0.78934,             0.76087,             0.73386,             0.28995,            0.045995,            0.016052,                   0,           0.0091952,           0.0091952,           0.0091952
                  60,             0.03144,            0.013282,                   0,             0.86955,             0.72451,             0.76579,             0.29885,            0.045799,            0.016248,                   0,           0.0091681,           0.0091681,           0.0091681
                  61,            0.033185,             0.01361,                   0,             0.80831,             0.70281,             0.74208,             0.31472,            0.045387,            0.016263,                   0,           0.0091406,           0.0091406,           0.0091406
                  62,            0.030066,            0.014182,                   0,             0.79226,             0.74617,             0.76399,             0.32349,            0.044159,            0.015888,                   0,           0.0091127,           0.0091127,           0.0091127
                  63,            0.030673,            0.013558,                   0,              0.8461,             0.71739,             0.77498,             0.30998,            0.045647,            0.015974,                   0,           0.0090844,           0.0090844,           0.0090844
                  64,            0.033673,            0.014023,                   0,             0.86498,             0.74638,              0.8001,             0.29217,            0.046059,             0.01638,                   0,           0.0090557,           0.0090557,           0.0090557
                  65,            0.031944,            0.014085,                   0,             0.85695,             0.78141,             0.79271,             0.33049,            0.045383,            0.014634,                   0,           0.0090266,           0.0090266,           0.0090266
                  66,            0.031162,            0.012989,                   0,             0.81165,             0.68841,             0.73621,              0.3134,            0.046821,            0.015271,                   0,           0.0089972,           0.0089972,           0.0089972
                  67,            0.031672,             0.01346,                   0,             0.81882,             0.75323,             0.77678,             0.32466,            0.044728,            0.015292,                   0,           0.0089673,           0.0089673,           0.0089673
                  68,            0.030426,            0.013798,                   0,             0.74302,             0.77536,             0.74703,             0.28325,            0.046025,            0.016597,                   0,           0.0089371,           0.0089371,           0.0089371
                  69,            0.031934,            0.013611,                   0,             0.84605,             0.63719,             0.73197,             0.28014,            0.046986,            0.016402,                   0,           0.0089065,           0.0089065,           0.0089065
                  70,            0.030802,            0.013205,                   0,             0.80646,             0.66667,             0.73193,             0.30072,            0.044561,            0.016799,                   0,           0.0088755,           0.0088755,           0.0088755
                  71,            0.030317,            0.013638,                   0,             0.85478,             0.76812,             0.80308,             0.31587,            0.044906,            0.016259,                   0,           0.0088442,           0.0088442,           0.0088442
                  72,            0.029463,             0.01358,                   0,             0.83454,             0.76812,             0.79745,             0.32563,            0.045188,            0.015396,                   0,           0.0088124,           0.0088124,           0.0088124
                  73,            0.028939,              0.0129,                   0,             0.81501,             0.70236,             0.74778,             0.30557,            0.046491,            0.015932,                   0,           0.0087804,           0.0087804,           0.0087804
                  74,            0.030681,            0.013703,                   0,             0.80327,             0.71014,             0.73393,             0.28742,            0.046868,            0.016771,                   0,           0.0087479,           0.0087479,           0.0087479
                  75,            0.030652,             0.01307,                   0,             0.83743,             0.71014,             0.74679,             0.31558,            0.046001,            0.016928,                   0,           0.0087151,           0.0087151,           0.0087151
                  76,            0.027459,            0.013206,                   0,             0.87734,              0.6738,             0.76713,             0.32997,             0.04435,            0.016228,                   0,            0.008682,            0.008682,            0.008682
                  77,            0.028666,            0.012742,                   0,             0.81939,             0.72464,             0.78989,             0.30829,            0.045304,            0.016362,                   0,           0.0086485,           0.0086485,           0.0086485
                  78,            0.028231,            0.012917,                   0,             0.80656,             0.69565,             0.75666,             0.30639,            0.045851,            0.016496,                   0,           0.0086146,           0.0086146,           0.0086146
                  79,            0.028107,            0.012596,                   0,             0.84293,             0.73886,             0.80091,             0.34357,            0.044717,            0.016258,                   0,           0.0085805,           0.0085805,           0.0085805
                  80,            0.027126,            0.012549,                   0,             0.75533,              0.7606,             0.77852,             0.35742,            0.043174,            0.015445,                   0,           0.0085459,           0.0085459,           0.0085459
                  81,            0.027837,            0.012718,                   0,             0.84117,             0.73188,             0.78012,             0.33559,            0.043654,            0.015743,                   0,           0.0085111,           0.0085111,           0.0085111
                  82,            0.030104,            0.012011,                   0,             0.81059,             0.77528,             0.78504,              0.3193,             0.04581,            0.015869,                   0,           0.0084759,           0.0084759,           0.0084759
                  83,            0.029343,             0.01264,                   0,             0.81199,             0.78241,             0.79562,             0.32586,            0.043797,            0.015271,                   0,           0.0084404,           0.0084404,           0.0084404
                  84,            0.028835,            0.013097,                   0,             0.78105,             0.72464,             0.74672,             0.30989,            0.046186,            0.016336,                   0,           0.0084046,           0.0084046,           0.0084046
                  85,            0.026962,             0.01255,                   0,             0.84791,             0.76812,             0.77298,             0.32309,            0.043672,            0.016669,                   0,           0.0083684,           0.0083684,           0.0083684
                  86,            0.027611,            0.012398,                   0,             0.85447,             0.72464,             0.77141,             0.35301,             0.04329,            0.017162,                   0,           0.0083319,           0.0083319,           0.0083319
                  87,            0.027352,            0.012056,                   0,             0.76976,             0.77536,             0.76583,              0.3192,            0.045556,            0.016559,                   0,           0.0082952,           0.0082952,           0.0082952
                  88,            0.027179,            0.012783,                   0,             0.84499,             0.75362,             0.78613,               0.324,            0.045402,            0.016576,                   0,           0.0082581,           0.0082581,           0.0082581
                  89,            0.026564,            0.011829,                   0,             0.79338,             0.69565,             0.74567,             0.30801,             0.04529,            0.017217,                   0,           0.0082207,           0.0082207,           0.0082207
                  90,            0.026245,            0.012043,                   0,             0.85711,             0.78261,             0.76867,             0.29711,            0.045573,            0.016804,                   0,            0.008183,            0.008183,            0.008183
                  91,            0.025597,            0.011645,                   0,             0.83463,             0.76803,             0.74382,              0.2872,            0.047136,            0.016986,                   0,            0.008145,            0.008145,            0.008145
                  92,            0.027445,            0.012667,                   0,             0.78008,              0.7968,             0.75613,             0.28388,            0.045844,            0.017065,                   0,           0.0081068,           0.0081068,           0.0081068
                  93,            0.026764,            0.012042,                   0,             0.80155,             0.73171,             0.73972,             0.28762,            0.048726,            0.017156,                   0,           0.0080682,           0.0080682,           0.0080682
                  94,            0.027335,            0.011977,                   0,             0.83759,             0.71003,               0.748,             0.30215,            0.047161,            0.017393,                   0,           0.0080294,           0.0080294,           0.0080294
                  95,            0.025457,            0.011546,                   0,             0.82924,             0.73898,             0.75256,              0.3156,            0.045713,            0.017541,                   0,           0.0079903,           0.0079903,           0.0079903
                  96,            0.025233,            0.011736,                   0,             0.78779,             0.75362,             0.74932,             0.33086,            0.045067,            0.017498,                   0,           0.0079509,           0.0079509,           0.0079509
                  97,            0.025193,            0.011867,                   0,             0.85439,             0.72464,             0.77263,             0.30118,            0.045378,            0.017829,                   0,           0.0079112,           0.0079112,           0.0079112
                  98,            0.024195,            0.011371,                   0,             0.80644,             0.72459,             0.76724,             0.31129,            0.043947,            0.017532,                   0,           0.0078713,           0.0078713,           0.0078713
                  99,            0.025744,            0.012024,                   0,             0.89087,              0.7099,              0.8181,             0.33115,            0.044682,            0.017542,                   0,           0.0078311,           0.0078311,           0.0078311
                 100,            0.024504,            0.011329,                   0,             0.84481,             0.71007,             0.75848,             0.31756,            0.044433,            0.018119,                   0,           0.0077907,           0.0077907,           0.0077907
                 101,            0.026455,            0.011082,                   0,             0.84608,             0.71739,             0.75621,             0.31897,            0.042891,            0.018323,                   0,             0.00775,             0.00775,             0.00775
                 102,            0.023975,             0.01159,                   0,             0.82882,              0.7029,             0.74322,             0.32042,             0.04329,            0.018271,                   0,           0.0077091,           0.0077091,           0.0077091
                 103,            0.025653,            0.011513,                   0,             0.87044,             0.73188,             0.78255,              0.3342,            0.044478,            0.017277,                   0,           0.0076679,           0.0076679,           0.0076679
                 104,            0.024269,            0.010291,                   0,             0.83999,             0.76082,             0.77794,             0.33219,            0.045316,             0.01734,                   0,           0.0076265,           0.0076265,           0.0076265
                 105,            0.024524,            0.010983,                   0,             0.84105,             0.76812,             0.76262,             0.32037,            0.045695,            0.017616,                   0,           0.0075848,           0.0075848,           0.0075848
                 106,             0.02526,            0.011729,                   0,              0.8448,             0.71002,             0.74932,             0.32027,             0.04548,            0.016775,                   0,            0.007543,            0.007543,            0.007543
                 107,            0.024186,            0.011308,                   0,             0.85585,             0.73188,             0.74917,             0.30682,            0.045093,            0.017492,                   0,           0.0075009,           0.0075009,           0.0075009
                 108,            0.025471,            0.011569,                   0,             0.85077,              0.7029,             0.75354,             0.31278,            0.045908,            0.018316,                   0,           0.0074585,           0.0074585,           0.0074585
                 109,            0.024413,            0.011598,                   0,             0.78046,             0.69556,             0.73242,             0.31776,            0.045491,            0.017936,                   0,            0.007416,            0.007416,            0.007416
                 110,            0.023335,            0.010871,                   0,             0.79019,             0.73913,             0.73673,             0.33011,            0.045621,            0.018008,                   0,           0.0073733,           0.0073733,           0.0073733
                 111,            0.022736,            0.010741,                   0,             0.81427,             0.73188,             0.75906,             0.32554,            0.045097,            0.017435,                   0,           0.0073303,           0.0073303,           0.0073303
                 112,            0.022582,             0.01129,                   0,             0.89517,             0.68116,             0.78122,             0.33129,            0.044018,            0.017937,                   0,           0.0072872,           0.0072872,           0.0072872
                 113,            0.022078,            0.010804,                   0,             0.83468,             0.73172,             0.74644,             0.31815,            0.044328,             0.01763,                   0,           0.0072438,           0.0072438,           0.0072438
                 114,            0.024162,            0.011475,                   0,             0.82804,             0.76812,             0.76965,             0.34261,            0.043208,            0.017728,                   0,           0.0072003,           0.0072003,           0.0072003
                 115,            0.023123,               0.011,                   0,             0.87804,             0.78253,             0.80982,             0.33953,            0.044544,            0.017702,                   0,           0.0071566,           0.0071566,           0.0071566
                 116,            0.022733,            0.010664,                   0,             0.89731,             0.76087,             0.78491,             0.33196,            0.044896,            0.017558,                   0,           0.0071127,           0.0071127,           0.0071127
                 117,            0.024517,            0.010675,                   0,             0.86608,             0.79671,             0.77774,             0.31398,            0.044841,             0.01798,                   0,           0.0070686,           0.0070686,           0.0070686
                 118,            0.023783,            0.010756,                   0,                 0.9,             0.71737,             0.78761,             0.34508,            0.045178,            0.017291,                   0,           0.0070243,           0.0070243,           0.0070243
                 119,            0.023051,            0.011173,                   0,             0.79996,             0.78241,             0.76389,             0.32768,            0.046001,            0.017912,                   0,           0.0069799,           0.0069799,           0.0069799
                 120,            0.022176,            0.010548,                   0,             0.83468,             0.73188,             0.76298,             0.32729,            0.044909,            0.018513,                   0,           0.0069353,           0.0069353,           0.0069353
                 121,            0.022577,            0.010778,                   0,             0.86486,              0.6956,             0.76581,             0.32802,            0.046209,            0.018432,                   0,           0.0068906,           0.0068906,           0.0068906
                 122,            0.022834,            0.010791,                   0,             0.81531,             0.73913,             0.77613,             0.32127,            0.046671,            0.018448,                   0,           0.0068457,           0.0068457,           0.0068457
                 123,            0.021737,            0.010718,                   0,             0.82749,             0.69565,             0.76632,             0.32945,            0.045204,            0.018335,                   0,           0.0068006,           0.0068006,           0.0068006
                 124,             0.02207,            0.010553,                   0,             0.81227,             0.72464,             0.77696,             0.33075,            0.044607,            0.018591,                   0,           0.0067555,           0.0067555,           0.0067555
                 125,            0.021591,            0.009942,                   0,             0.83593,              0.7029,             0.77231,             0.34906,            0.044801,            0.018358,                   0,           0.0067101,           0.0067101,           0.0067101
                 126,            0.022479,            0.010593,                   0,              0.7954,              0.7606,             0.75577,             0.33666,            0.045638,            0.017989,                   0,           0.0066647,           0.0066647,           0.0066647
                 127,            0.022209,            0.009683,                   0,             0.83755,             0.71014,              0.7643,             0.33862,            0.046008,            0.018431,                   0,           0.0066191,           0.0066191,           0.0066191
                 128,            0.021534,            0.010318,                   0,             0.86207,             0.72464,             0.75795,             0.32808,            0.044753,            0.018319,                   0,           0.0065734,           0.0065734,           0.0065734
                 129,            0.022263,            0.011024,                   0,             0.86485,             0.69559,             0.76376,             0.34054,            0.044827,             0.01784,                   0,           0.0065276,           0.0065276,           0.0065276
                 130,            0.022588,            0.011041,                   0,              0.8106,             0.77535,             0.79721,             0.31414,            0.046503,            0.018026,                   0,           0.0064816,           0.0064816,           0.0064816
                 131,            0.021696,            0.010236,                   0,             0.82168,             0.76812,             0.80251,             0.33795,            0.045108,            0.017766,                   0,           0.0064356,           0.0064356,           0.0064356
                 132,             0.02181,            0.010544,                   0,             0.86432,             0.73913,             0.77678,              0.3323,            0.045166,            0.017716,                   0,           0.0063895,           0.0063895,           0.0063895
                 133,            0.021957,            0.009828,                   0,             0.84126,             0.76807,             0.76036,             0.31414,            0.046058,            0.018295,                   0,           0.0063432,           0.0063432,           0.0063432
                 134,            0.021142,            0.010188,                   0,             0.84998,             0.73899,             0.79352,             0.32383,            0.046522,            0.018516,                   0,           0.0062969,           0.0062969,           0.0062969
                 135,            0.020607,           0.0099806,                   0,             0.90461,             0.68841,             0.78462,             0.32117,            0.046089,            0.018172,                   0,           0.0062505,           0.0062505,           0.0062505
                 136,            0.019757,           0.0095919,                   0,             0.84249,             0.77536,             0.80098,             0.32554,            0.044916,            0.018338,                   0,            0.006204,            0.006204,            0.006204
                 137,            0.021036,           0.0099611,                   0,              0.8333,             0.76071,             0.78614,             0.32743,            0.044715,            0.018791,                   0,           0.0061574,           0.0061574,           0.0061574
                 138,            0.020788,            0.010408,                   0,             0.82248,             0.73913,             0.75195,             0.31208,            0.045279,            0.018219,                   0,           0.0061107,           0.0061107,           0.0061107
                 139,            0.019923,            0.010026,                   0,             0.86193,             0.72464,             0.75131,             0.30998,            0.045611,            0.018792,                   0,            0.006064,            0.006064,            0.006064
                 140,            0.020912,            0.010375,                   0,             0.79385,             0.75362,             0.74328,             0.31768,            0.045526,            0.019458,                   0,           0.0060172,           0.0060172,           0.0060172
                 141,            0.020427,            0.010478,                   0,             0.77951,             0.71739,              0.7466,             0.32713,            0.045672,            0.020408,                   0,           0.0059704,           0.0059704,           0.0059704
                 142,            0.019999,           0.0099974,                   0,             0.79104,             0.76808,             0.78337,               0.331,            0.045135,            0.019638,                   0,           0.0059235,           0.0059235,           0.0059235
                 143,            0.019973,            0.010325,                   0,              0.8304,             0.71014,             0.76301,             0.31867,            0.045375,            0.019148,                   0,           0.0058766,           0.0058766,           0.0058766
                 144,            0.019602,           0.0097029,                   0,             0.83187,             0.71708,             0.76314,             0.33195,            0.045199,            0.019694,                   0,           0.0058296,           0.0058296,           0.0058296
                 145,            0.021257,            0.010106,                   0,             0.84343,              0.7029,             0.73834,              0.3232,            0.044777,             0.01969,                   0,           0.0057826,           0.0057826,           0.0057826
                 146,            0.020129,           0.0096286,                   0,             0.83779,             0.67369,             0.72062,             0.31656,            0.046075,            0.020039,                   0,           0.0057355,           0.0057355,           0.0057355
                 147,            0.019048,           0.0097644,                   0,             0.84158,             0.73188,             0.76253,             0.33419,             0.04578,            0.019807,                   0,           0.0056884,           0.0056884,           0.0056884
                 148,             0.01952,           0.0095385,                   0,             0.87384,             0.70269,              0.7612,             0.33901,            0.045495,             0.01987,                   0,           0.0056413,           0.0056413,           0.0056413
                 149,            0.020264,            0.010263,                   0,              0.8898,              0.7029,              0.7738,             0.33425,            0.045593,             0.02005,                   0,           0.0055942,           0.0055942,           0.0055942
                 150,            0.019626,           0.0095562,                   0,             0.82351,             0.71006,             0.75227,               0.332,            0.045507,            0.020122,                   0,           0.0055471,           0.0055471,           0.0055471
                 151,            0.020016,            0.010176,                   0,             0.81447,             0.73167,              0.7847,             0.34804,            0.044843,            0.019496,                   0,              0.0055,              0.0055,              0.0055
                 152,            0.019651,           0.0097234,                   0,             0.81448,              0.7317,             0.76683,             0.34474,            0.044849,            0.019144,                   0,           0.0054529,           0.0054529,           0.0054529
                 153,            0.018828,           0.0092889,                   0,             0.79672,             0.73913,             0.74935,             0.32798,            0.045026,            0.019616,                   0,           0.0054058,           0.0054058,           0.0054058
                 154,            0.019193,           0.0094413,                   0,             0.82499,             0.71732,             0.75692,             0.32513,            0.045523,             0.01988,                   0,           0.0053587,           0.0053587,           0.0053587
                 155,            0.019634,           0.0094459,                   0,             0.87845,             0.68116,             0.76392,             0.33355,            0.046169,            0.019491,                   0,           0.0053116,           0.0053116,           0.0053116
                 156,            0.019098,            0.010152,                   0,             0.80159,             0.73188,             0.76685,             0.34277,            0.046007,            0.018809,                   0,           0.0052645,           0.0052645,           0.0052645
                 157,            0.019115,           0.0097119,                   0,             0.89794,             0.63754,             0.76473,             0.32872,            0.046282,            0.018997,                   0,           0.0052174,           0.0052174,           0.0052174
                 158,            0.018707,           0.0093985,                   0,             0.87155,             0.68836,             0.77617,             0.34825,            0.044689,            0.018692,                   0,           0.0051704,           0.0051704,           0.0051704
                 159,            0.019171,           0.0094257,                   0,             0.83189,             0.75362,             0.79744,              0.3547,            0.044164,             0.01873,                   0,           0.0051234,           0.0051234,           0.0051234
                 160,            0.018281,           0.0096881,                   0,             0.81277,             0.72464,             0.77694,             0.34153,            0.045412,            0.019327,                   0,           0.0050765,           0.0050765,           0.0050765
                 161,            0.019004,           0.0089815,                   0,             0.81666,             0.71013,             0.77636,             0.32691,            0.045821,            0.020294,                   0,           0.0050296,           0.0050296,           0.0050296
                 162,            0.018414,           0.0095545,                   0,             0.84414,             0.74638,             0.79318,             0.34815,            0.044083,            0.019124,                   0,           0.0049828,           0.0049828,           0.0049828
                 163,            0.019245,           0.0097631,                   0,              0.8536,             0.76052,             0.79954,             0.35786,            0.043807,            0.019487,                   0,            0.004936,            0.004936,            0.004936
                 164,            0.018657,           0.0091097,                   0,              0.7984,             0.77485,             0.78052,             0.34784,             0.04461,            0.019241,                   0,           0.0048893,           0.0048893,           0.0048893
                 165,            0.018026,           0.0091777,                   0,             0.85469,             0.72459,             0.76369,             0.33214,            0.045443,             0.01954,                   0,           0.0048426,           0.0048426,           0.0048426
                 166,            0.017952,           0.0091122,                   0,             0.85469,             0.72458,             0.76288,             0.33797,            0.044141,            0.019312,                   0,            0.004796,            0.004796,            0.004796
                 167,            0.018526,           0.0095025,                   0,             0.87598,             0.71739,             0.77755,             0.34259,            0.043492,            0.020031,                   0,           0.0047495,           0.0047495,           0.0047495
                 168,            0.017864,           0.0088369,                   0,             0.87386,              0.7029,             0.78353,              0.3515,            0.043645,            0.021199,                   0,           0.0047031,           0.0047031,           0.0047031
                 169,            0.018391,           0.0091618,                   0,             0.83186,             0.71702,             0.77835,             0.35581,            0.043355,            0.020408,                   0,           0.0046568,           0.0046568,           0.0046568
                 170,            0.017745,            0.008977,                   0,             0.80277,             0.73913,             0.77808,              0.3558,            0.043804,            0.020311,                   0,           0.0046105,           0.0046105,           0.0046105
                 171,            0.018842,           0.0097444,                   0,             0.81588,             0.73913,             0.78842,             0.35341,             0.04385,            0.020045,                   0,           0.0045644,           0.0045644,           0.0045644
                 172,            0.018147,            0.009365,                   0,              0.8291,             0.73913,             0.79095,             0.35355,            0.043704,            0.020509,                   0,           0.0045184,           0.0045184,           0.0045184
                 173,            0.017832,           0.0090497,                   0,             0.84614,             0.71731,             0.76268,             0.33281,            0.043765,            0.020763,                   0,           0.0044724,           0.0044724,           0.0044724
                 174,            0.018287,           0.0092655,                   0,             0.85916,             0.75362,             0.76926,             0.33889,             0.04435,            0.020706,                   0,           0.0044266,           0.0044266,           0.0044266
                 175,            0.017944,           0.0087776,                   0,             0.83677,             0.74638,             0.76675,             0.32977,            0.044243,            0.020057,                   0,           0.0043809,           0.0043809,           0.0043809
                 176,            0.016826,           0.0086719,                   0,             0.83331,             0.76076,             0.78571,             0.34226,             0.04385,             0.01907,                   0,           0.0043353,           0.0043353,           0.0043353
                 177,            0.017534,           0.0091563,                   0,             0.85465,             0.72432,             0.76605,             0.34313,            0.043779,            0.019144,                   0,           0.0042899,           0.0042899,           0.0042899
                 178,            0.017139,            0.009017,                   0,             0.72511,              0.8028,             0.76874,             0.34971,            0.043424,            0.019845,                   0,           0.0042445,           0.0042445,           0.0042445
                 179,            0.016843,           0.0090555,                   0,             0.81144,             0.71724,              0.7561,             0.34314,            0.043175,            0.020106,                   0,           0.0041994,           0.0041994,           0.0041994
                 180,            0.016566,           0.0089524,                   0,             0.78481,             0.76812,             0.78159,             0.34794,            0.043404,            0.020439,                   0,           0.0041543,           0.0041543,           0.0041543
                 181,            0.016861,           0.0084408,                   0,             0.87257,             0.69467,             0.77216,             0.35328,            0.043695,             0.02087,                   0,           0.0041094,           0.0041094,           0.0041094
                 182,            0.016787,           0.0088451,                   0,             0.82499,             0.71733,             0.76456,             0.34844,            0.044203,            0.020953,                   0,           0.0040647,           0.0040647,           0.0040647
                 183,            0.017324,           0.0089081,                   0,             0.81054,             0.77505,             0.77113,             0.34397,            0.044195,            0.020586,                   0,           0.0040201,           0.0040201,           0.0040201
                 184,            0.016809,           0.0085776,                   0,             0.77906,             0.76812,             0.76229,             0.34498,            0.043468,            0.020033,                   0,           0.0039757,           0.0039757,           0.0039757
                 185,            0.016961,           0.0084985,                   0,             0.80618,             0.75352,             0.77314,             0.36019,            0.043412,            0.019825,                   0,           0.0039314,           0.0039314,           0.0039314
                 186,            0.016792,           0.0090259,                   0,             0.80118,             0.76087,             0.77596,             0.36456,            0.044369,            0.020189,                   0,           0.0038873,           0.0038873,           0.0038873
                 187,            0.016463,           0.0087572,                   0,             0.81716,             0.74638,             0.75572,             0.35616,            0.044968,            0.020325,                   0,           0.0038434,           0.0038434,           0.0038434
                 188,            0.016813,           0.0089059,                   0,             0.83047,             0.71014,               0.768,             0.36013,            0.043758,            0.020129,                   0,           0.0037997,           0.0037997,           0.0037997
                 189,            0.016493,            0.008428,                   0,             0.84274,             0.73913,              0.7795,             0.35259,            0.043812,            0.020196,                   0,           0.0037562,           0.0037562,           0.0037562
                 190,            0.016427,           0.0086343,                   0,             0.86078,             0.71739,             0.78131,             0.35926,             0.04427,            0.020122,                   0,           0.0037128,           0.0037128,           0.0037128
                 191,             0.01678,           0.0086278,                   0,             0.81965,             0.72464,             0.77515,             0.34996,            0.044184,             0.01984,                   0,           0.0036697,           0.0036697,           0.0036697
                 192,            0.017037,           0.0084266,                   0,             0.84541,             0.75362,             0.79022,             0.34461,            0.044331,            0.020476,                   0,           0.0036267,           0.0036267,           0.0036267
                 193,            0.016169,           0.0081055,                   0,              0.8386,             0.75302,             0.79016,             0.35587,            0.044146,            0.020308,                   0,            0.003584,            0.003584,            0.003584
                 194,            0.016436,           0.0088687,                   0,               0.816,             0.73913,             0.77396,             0.34478,            0.043954,             0.02021,                   0,           0.0035415,           0.0035415,           0.0035415
                 195,            0.015886,           0.0079082,                   0,             0.82671,             0.73188,             0.78466,             0.35008,            0.044542,            0.020631,                   0,           0.0034991,           0.0034991,           0.0034991
                 196,            0.016022,           0.0089528,                   0,             0.75726,             0.72464,             0.74554,               0.344,            0.044558,            0.021356,                   0,            0.003457,            0.003457,            0.003457
                 197,            0.015965,           0.0082595,                   0,             0.81887,             0.75346,             0.78753,             0.35039,            0.044251,            0.020977,                   0,           0.0034152,           0.0034152,           0.0034152
                 198,            0.015808,           0.0086082,                   0,              0.8059,             0.78228,             0.78737,             0.33899,            0.044447,            0.020734,                   0,           0.0033735,           0.0033735,           0.0033735
                 199,            0.015184,           0.0085013,                   0,             0.86316,             0.73188,             0.78133,             0.33617,            0.044205,            0.020452,                   0,           0.0033321,           0.0033321,           0.0033321
                 200,            0.014996,           0.0082168,                   0,              0.7602,             0.80404,             0.78174,             0.33472,            0.044338,             0.02061,                   0,           0.0032909,           0.0032909,           0.0032909
                 201,            0.015369,           0.0083171,                   0,             0.76952,             0.80435,             0.78496,             0.34832,            0.044062,            0.020515,                   0,             0.00325,             0.00325,             0.00325
                 202,            0.015258,           0.0081994,                   0,             0.76178,             0.81105,              0.7926,             0.34658,            0.043928,            0.020678,                   0,           0.0032093,           0.0032093,           0.0032093
                 203,            0.015202,           0.0081859,                   0,               0.791,              0.7679,             0.77618,             0.34396,            0.044245,            0.021237,                   0,           0.0031689,           0.0031689,           0.0031689
                 204,            0.015115,           0.0084962,                   0,             0.78235,             0.78144,             0.78423,             0.35473,            0.044276,            0.021015,                   0,           0.0031287,           0.0031287,           0.0031287
                 205,            0.015301,           0.0081974,                   0,             0.83596,             0.73859,             0.78139,              0.3459,            0.044046,            0.020434,                   0,           0.0030888,           0.0030888,           0.0030888
                 206,            0.015316,           0.0081787,                   0,             0.79124,              0.7971,             0.77866,             0.34865,            0.044546,            0.020533,                   0,           0.0030491,           0.0030491,           0.0030491
                 207,             0.01481,           0.0082924,                   0,             0.81889,             0.75362,             0.77475,             0.34472,            0.044637,            0.020914,                   0,           0.0030097,           0.0030097,           0.0030097
                 208,            0.015193,           0.0082335,                   0,             0.82113,             0.73184,             0.77424,             0.34629,             0.04454,            0.021312,                   0,           0.0029706,           0.0029706,           0.0029706
                 209,            0.015541,           0.0078977,                   0,             0.84549,             0.75341,              0.7998,              0.3557,            0.044464,            0.020979,                   0,           0.0029318,           0.0029318,           0.0029318
                 210,            0.015436,            0.008509,                   0,             0.81888,             0.75362,             0.77972,             0.34733,             0.04472,            0.020858,                   0,           0.0028932,           0.0028932,           0.0028932
                 211,            0.014653,           0.0079513,                   0,             0.86199,             0.72464,             0.77492,             0.34603,            0.044695,            0.021295,                   0,            0.002855,            0.002855,            0.002855
                 212,            0.015039,           0.0081068,                   0,             0.80401,             0.77536,             0.78235,              0.3402,             0.04448,             0.02126,                   0,            0.002817,            0.002817,            0.002817
                 213,            0.015232,           0.0082849,                   0,             0.84873,             0.73182,             0.77764,             0.33562,            0.044363,            0.021299,                   0,           0.0027793,           0.0027793,           0.0027793
                 214,            0.014457,           0.0083368,                   0,             0.79121,              0.7971,             0.79438,             0.35242,            0.044045,            0.021016,                   0,           0.0027419,           0.0027419,           0.0027419
                 215,            0.015186,           0.0085652,                   0,             0.86828,             0.71739,             0.79639,             0.36902,            0.043812,            0.020949,                   0,           0.0027048,           0.0027048,           0.0027048
                 216,            0.015602,           0.0080542,                   0,             0.81338,             0.78986,             0.79474,             0.36476,            0.043879,             0.02121,                   0,           0.0026681,           0.0026681,           0.0026681
                 217,            0.014894,             0.00783,                   0,             0.79993,             0.78226,              0.7826,             0.34961,            0.043888,            0.021317,                   0,           0.0026316,           0.0026316,           0.0026316
                 218,            0.014718,           0.0080158,                   0,              0.8139,             0.76058,             0.79495,              0.3535,            0.043993,             0.02151,                   0,           0.0025954,           0.0025954,           0.0025954
                 219,            0.014363,           0.0080942,                   0,             0.79443,             0.78986,             0.81053,             0.35532,            0.044052,            0.021374,                   0,           0.0025596,           0.0025596,           0.0025596
                 220,            0.014716,           0.0079047,                   0,             0.75906,             0.76087,             0.77103,             0.35427,            0.044303,            0.021616,                   0,           0.0025241,           0.0025241,           0.0025241
                 221,            0.014571,           0.0080374,                   0,             0.78253,             0.78223,             0.79166,             0.34487,            0.044587,            0.021794,                   0,           0.0024889,           0.0024889,           0.0024889
                 222,            0.014281,           0.0076081,                   0,             0.84873,             0.73183,             0.78805,             0.34903,            0.044635,            0.021315,                   0,           0.0024541,           0.0024541,           0.0024541
                 223,            0.015103,           0.0077719,                   0,             0.86724,             0.71014,              0.7788,             0.34864,             0.04494,            0.021556,                   0,           0.0024195,           0.0024195,           0.0024195
                 224,             0.01494,           0.0077483,                   0,             0.84871,             0.73188,             0.77093,             0.33181,            0.044946,            0.021512,                   0,           0.0023854,           0.0023854,           0.0023854
                 225,              0.0143,           0.0080084,                   0,             0.87718,             0.72457,             0.77009,             0.33409,            0.044904,            0.021618,                   0,           0.0023515,           0.0023515,           0.0023515
                 226,            0.014539,           0.0078707,                   0,             0.89894,             0.71014,             0.78969,             0.34855,            0.044483,            0.021529,                   0,            0.002318,            0.002318,            0.002318
                 227,             0.01391,           0.0083195,                   0,             0.85575,             0.73188,              0.7919,             0.35192,            0.044127,            0.021201,                   0,           0.0022849,           0.0022849,           0.0022849
                 228,            0.014794,           0.0078759,                   0,             0.82384,             0.74638,             0.78775,             0.34623,            0.044283,            0.021286,                   0,           0.0022521,           0.0022521,           0.0022521
                 229,            0.014382,           0.0075035,                   0,             0.84997,             0.73913,             0.78896,             0.34213,            0.044634,            0.021421,                   0,           0.0022196,           0.0022196,           0.0022196
                 230,            0.013856,            0.007882,                   0,             0.85818,              0.7029,              0.7831,             0.34002,            0.044861,            0.021587,                   0,           0.0021876,           0.0021876,           0.0021876
                 231,             0.01384,           0.0073748,                   0,             0.84745,             0.72462,             0.78495,             0.33198,            0.044795,            0.021592,                   0,           0.0021558,           0.0021558,           0.0021558
                 232,            0.014053,           0.0078357,                   0,             0.81598,             0.73902,             0.76756,             0.33674,            0.044811,            0.021558,                   0,           0.0021245,           0.0021245,           0.0021245
                 233,            0.014729,           0.0076252,                   0,             0.80844,             0.73913,             0.76497,             0.33654,            0.044462,            0.021784,                   0,           0.0020935,           0.0020935,           0.0020935
                 234,            0.014353,            0.008215,                   0,             0.82636,             0.72421,             0.76766,             0.34038,            0.044491,            0.022289,                   0,           0.0020629,           0.0020629,           0.0020629
                 235,            0.013781,           0.0074983,                   0,             0.84418,             0.74592,             0.78642,              0.3473,            0.044571,            0.022382,                   0,           0.0020327,           0.0020327,           0.0020327
                 236,            0.013975,           0.0077176,                   0,             0.82307,             0.77534,             0.78514,             0.34246,            0.044701,            0.022302,                   0,           0.0020028,           0.0020028,           0.0020028
                 237,            0.013782,            0.007507,                   0,             0.81057,             0.77519,             0.77492,             0.34055,            0.044537,            0.022353,                   0,           0.0019734,           0.0019734,           0.0019734
                 238,            0.013928,            0.007643,                   0,             0.83977,             0.76087,             0.78766,             0.34498,            0.044326,            0.022283,                   0,           0.0019443,           0.0019443,           0.0019443
                 239,            0.013774,           0.0072371,                   0,             0.84677,             0.76082,             0.78003,             0.34715,             0.04413,            0.022204,                   0,           0.0019156,           0.0019156,           0.0019156
                 240,            0.014067,           0.0078216,                   0,             0.83604,             0.73913,             0.76632,             0.34557,            0.044113,            0.022362,                   0,           0.0018873,           0.0018873,           0.0018873
                 241,            0.014195,           0.0072118,                   0,             0.84999,             0.73906,             0.77369,             0.35238,            0.044069,            0.022218,                   0,           0.0018594,           0.0018594,           0.0018594
                 242,             0.01357,           0.0073921,                   0,             0.86435,             0.73913,              0.7765,             0.35143,            0.044399,            0.022046,                   0,           0.0018319,           0.0018319,           0.0018319
                 243,            0.013395,           0.0077064,                   0,             0.85588,             0.73188,             0.78052,             0.35749,            0.044504,            0.022166,                   0,           0.0018048,           0.0018048,           0.0018048
                 244,            0.013876,           0.0076815,                   0,             0.85123,              0.7463,             0.78652,             0.34809,            0.044442,            0.022304,                   0,           0.0017781,           0.0017781,           0.0017781
                 245,            0.013842,           0.0077099,                   0,             0.84249,             0.77516,             0.80317,             0.35067,            0.044239,            0.022312,                   0,           0.0017519,           0.0017519,           0.0017519
                 246,            0.012982,           0.0075571,                   0,               0.816,             0.80435,             0.80777,             0.35116,            0.043895,            0.022142,                   0,            0.001726,            0.001726,            0.001726
                 247,              0.0136,           0.0079588,                   0,             0.85121,             0.74619,             0.80827,             0.35414,            0.043943,            0.022505,                   0,           0.0017005,           0.0017005,           0.0017005
                 248,            0.013518,           0.0078341,                   0,             0.85799,             0.74638,             0.81329,             0.36008,            0.043764,            0.022333,                   0,           0.0016755,           0.0016755,           0.0016755
                 249,            0.013686,           0.0076828,                   0,             0.85123,             0.74638,             0.80519,             0.34927,            0.043743,            0.022279,                   0,           0.0016509,           0.0016509,           0.0016509
                 250,             0.01346,           0.0076642,                   0,             0.86325,             0.73187,             0.80465,             0.35068,            0.044082,             0.02263,                   0,           0.0016267,           0.0016267,           0.0016267
                 251,            0.013611,            0.007402,                   0,             0.85467,             0.72464,             0.79081,             0.35661,            0.043974,            0.022407,                   0,           0.0016029,           0.0016029,           0.0016029
                 252,            0.013259,           0.0076632,                   0,              0.8608,             0.71739,               0.799,             0.36147,            0.043851,            0.022282,                   0,           0.0015795,           0.0015795,           0.0015795
                 253,            0.013167,           0.0071553,                   0,             0.83577,             0.73913,             0.79672,              0.3509,            0.043962,            0.022547,                   0,           0.0015566,           0.0015566,           0.0015566
                 254,            0.012871,           0.0076588,                   0,             0.83731,             0.74591,             0.79666,              0.3537,            0.044349,            0.022726,                   0,           0.0015341,           0.0015341,           0.0015341
                 255,            0.013796,           0.0073828,                   0,             0.80946,             0.73913,             0.78273,             0.35492,            0.044409,            0.022459,                   0,           0.0015121,           0.0015121,           0.0015121
                 256,            0.013162,           0.0072747,                   0,             0.76574,             0.78167,             0.77817,             0.34766,            0.043921,            0.021924,                   0,           0.0014905,           0.0014905,           0.0014905
                 257,            0.013809,           0.0075282,                   0,             0.84029,             0.72438,             0.77894,             0.34656,             0.04369,             0.02173,                   0,           0.0014693,           0.0014693,           0.0014693
                 258,             0.01383,           0.0076225,                   0,             0.84426,             0.74634,             0.78559,             0.34522,            0.044016,            0.021545,                   0,           0.0014486,           0.0014486,           0.0014486
                 259,            0.013296,           0.0077406,                   0,             0.85335,             0.71739,             0.78871,             0.34602,            0.044228,            0.021521,                   0,           0.0014283,           0.0014283,           0.0014283
                 260,            0.013405,           0.0073237,                   0,              0.8323,             0.72464,             0.78705,             0.34567,            0.044205,            0.021666,                   0,           0.0014084,           0.0014084,           0.0014084
                 261,            0.013193,           0.0068342,                   0,             0.82633,             0.72464,             0.78251,             0.34362,            0.044332,             0.02205,                   0,            0.001389,            0.001389,            0.001389
                 262,            0.013102,           0.0072434,                   0,             0.81708,             0.74638,             0.78476,             0.34501,            0.044568,            0.022513,                   0,           0.0013701,           0.0013701,           0.0013701
                 263,             0.01303,           0.0070313,                   0,             0.84482,             0.71014,             0.77709,             0.34525,            0.044611,            0.022598,                   0,           0.0013516,           0.0013516,           0.0013516
                 264,            0.012856,           0.0072531,                   0,             0.78781,             0.75362,             0.77653,             0.34434,            0.044338,            0.022421,                   0,           0.0013336,           0.0013336,           0.0013336
                 265,            0.012925,            0.007795,                   0,             0.76013,             0.78261,              0.7769,             0.34605,            0.044518,            0.022507,                   0,            0.001316,            0.001316,            0.001316
                 266,             0.01307,           0.0073273,                   0,             0.79139,             0.74638,              0.7793,             0.34768,            0.044963,            0.022852,                   0,           0.0012989,           0.0012989,           0.0012989
                 267,             0.01375,           0.0078555,                   0,             0.76755,             0.76812,             0.77653,              0.3493,              0.0449,            0.022834,                   0,           0.0012822,           0.0012822,           0.0012822
                 268,            0.013486,           0.0076283,                   0,             0.76365,             0.79606,             0.78406,             0.34488,            0.044644,            0.022252,                   0,            0.001266,            0.001266,            0.001266
                 269,            0.012616,           0.0068189,                   0,             0.78769,             0.78261,             0.79272,             0.35254,            0.044482,            0.021851,                   0,           0.0012503,           0.0012503,           0.0012503
                 270,            0.012388,           0.0069008,                   0,              0.7774,             0.78986,             0.79331,             0.36016,             0.04455,            0.021713,                   0,            0.001235,            0.001235,            0.001235
                 271,             0.01276,           0.0075698,                   0,             0.77075,             0.80399,             0.78599,             0.35535,            0.044537,            0.021898,                   0,           0.0012202,           0.0012202,           0.0012202
                 272,            0.012741,           0.0074456,                   0,             0.80909,             0.76778,             0.78521,             0.35218,            0.044455,            0.022066,                   0,           0.0012059,           0.0012059,           0.0012059
                 273,            0.012802,           0.0071104,                   0,             0.81011,             0.77536,             0.79106,             0.35309,            0.044312,            0.022044,                   0,           0.0011921,           0.0011921,           0.0011921
                 274,            0.012809,           0.0074856,                   0,             0.82186,             0.77536,             0.79188,             0.36053,             0.04409,             0.02229,                   0,           0.0011787,           0.0011787,           0.0011787
                 275,            0.012417,           0.0071984,                   0,             0.86299,             0.73188,             0.78354,             0.35566,            0.044046,            0.022794,                   0,           0.0011658,           0.0011658,           0.0011658
                 276,            0.012307,           0.0070893,                   0,             0.83362,             0.76812,             0.78417,             0.36046,            0.043827,            0.022848,                   0,           0.0011533,           0.0011533,           0.0011533
                 277,            0.012795,           0.0073196,                   0,             0.83853,             0.75362,             0.78676,             0.36269,            0.043898,            0.022711,                   0,           0.0011414,           0.0011414,           0.0011414
                 278,            0.013085,           0.0074589,                   0,             0.83867,              0.7534,              0.7903,              0.3647,            0.043853,            0.022385,                   0,           0.0011299,           0.0011299,           0.0011299
                 279,            0.013137,           0.0070817,                   0,             0.84991,             0.73863,             0.79348,              0.3649,            0.043912,            0.022176,                   0,           0.0011189,           0.0011189,           0.0011189
                 280,            0.012683,           0.0072305,                   0,             0.84735,             0.72464,             0.80038,             0.35976,            0.043914,             0.02201,                   0,           0.0011084,           0.0011084,           0.0011084
                 281,            0.012487,           0.0073701,                   0,             0.75446,             0.82382,             0.80429,              0.3596,            0.043841,            0.021931,                   0,           0.0010983,           0.0010983,           0.0010983
                 282,            0.012577,           0.0069173,                   0,             0.82532,              0.7532,             0.80443,               0.358,            0.043664,            0.021949,                   0,           0.0010888,           0.0010888,           0.0010888
                 283,            0.012463,            0.007573,                   0,             0.86205,             0.72454,             0.80001,             0.35986,            0.043671,            0.022103,                   0,           0.0010797,           0.0010797,           0.0010797
                 284,            0.012725,           0.0075085,                   0,             0.83045,             0.74537,             0.80347,             0.36682,            0.043658,            0.022156,                   0,           0.0010711,           0.0010711,           0.0010711
                 285,            0.012691,           0.0074276,                   0,             0.81354,             0.75881,             0.79834,             0.36101,            0.043789,            0.022237,                   0,            0.001063,            0.001063,            0.001063
                 286,            0.012492,           0.0070132,                   0,             0.79396,             0.78188,             0.79468,              0.3588,            0.043958,            0.022152,                   0,           0.0010554,           0.0010554,           0.0010554
                 287,            0.013145,           0.0075783,                   0,             0.81374,             0.76087,             0.79556,             0.35721,              0.0441,            0.022137,                   0,           0.0010483,           0.0010483,           0.0010483
                 288,            0.012569,           0.0074145,                   0,              0.8196,             0.76087,              0.7959,             0.36455,            0.044265,            0.022128,                   0,           0.0010416,           0.0010416,           0.0010416
                 289,            0.012331,           0.0068619,                   0,             0.82027,             0.76066,             0.79795,             0.36085,            0.044431,            0.022363,                   0,           0.0010355,           0.0010355,           0.0010355
                 290,            0.012651,            0.007147,                   0,             0.77762,             0.81086,             0.79863,             0.35494,             0.04433,            0.022382,                   0,           0.0010298,           0.0010298,           0.0010298
                 291,            0.012684,           0.0069474,                   0,             0.79954,             0.78261,             0.79017,             0.35386,             0.04432,            0.022387,                   0,           0.0010247,           0.0010247,           0.0010247
                 292,            0.012734,            0.007422,                   0,             0.79842,             0.77494,             0.78433,             0.35093,            0.044473,            0.022302,                   0,             0.00102,             0.00102,             0.00102
                 293,            0.011815,           0.0068777,                   0,             0.85833,             0.74636,             0.79719,             0.35522,            0.044722,            0.022172,                   0,           0.0010158,           0.0010158,           0.0010158
                 294,            0.012496,           0.0069997,                   0,             0.80915,             0.76806,             0.79992,             0.35417,            0.044834,            0.022167,                   0,           0.0010121,           0.0010121,           0.0010121
                 295,            0.012447,           0.0067784,                   0,             0.76207,             0.78914,             0.78129,             0.35161,            0.044921,            0.022506,                   0,           0.0010089,           0.0010089,           0.0010089
                 296,            0.012343,           0.0073289,                   0,             0.76736,             0.78877,             0.79121,             0.35245,             0.04476,            0.022711,                   0,           0.0010062,           0.0010062,           0.0010062
                 297,            0.012125,           0.0070521,                   0,             0.81223,             0.75362,             0.79891,             0.35864,             0.04454,            0.022837,                   0,           0.0010039,           0.0010039,           0.0010039
                 298,            0.012278,           0.0072226,                   0,             0.82925,             0.73903,             0.79785,             0.35251,            0.044422,            0.022999,                   0,           0.0010022,           0.0010022,           0.0010022
                 299,            0.011999,           0.0070537,                   0,             0.82923,             0.73913,             0.78782,             0.34713,            0.044343,            0.023142,                   0,            0.001001,            0.001001,            0.001001
